,GW1,GW2,GW3,GW4,GW5,GW6,GW7,GW8,GW9,GW10,GW11,GW12,GW13,GW14,GW15,GW16,GW17,GW18,GW19,GW20,GW21,GW22,GW23,GW24,GW25,GW26,GW27,GW28,GW29,GW30,GW31,GW32,GW33,GW34,GW35,GW36,GW37,GW38
Zeki Amdouni,,,,,,,,,,,,,,,,,,,,,,,,,,,,,,,,,,,,,,
Anass Zaroury,,,,,,,,,,,,,,,,,,,,,,,,,,,,,,,,,,,,,,
Lyle Foster,,,,,,,,,,,,,,,,,,,,,,,,,,,,,,,,,,,,,,
Nathan Redmond,,,,,,,,,,,,,,,,,,,,,,,,,,,,,,,,,,,,,,
Josh Cullen,,,,,,,,,,,,,,,,,,,,,,,,,,,,,,,,,,,,,,
Sander Berge,,,,,,,,,,,,,,,,,,,,,,,,,,,,,,,,,,,,,,
Josh Brownhill,,,,,,,,,,,,,,,,,,,,,,,,,,,,,,,,,,,,,,
Luca Koleosho,,,,,,,,,,,,,,,,,,,,,,,,,,,,,,,,,,,,,,
Jacob Bruun Larsen,,,,,,,,,,,,,,,,,,,,,,,,,,,,,,,,,,,,,,
Vitinho,,,,,,,,,,,,,,,,,,,,,,,,,,,,,,,,,,,,,,
Jordan Beyer,,,,,,,,,,,,,,,,,,,,,,,,,,,,,,,,,,,,,,
Benson Manuel,,,,,,,,,,,,,,,,,,,,,,,,,,,,,,,,,,,,,,
Dara O'Shea,,,,,,,,,,,,,,,,,,,,,,,,,,,,,,,,,,,,,,
Ameen Al-Dakhil,,,,,,,,,,,,,,,,,,,,,,,,,,,,,,,,,,,,,,
Connor Roberts,,,,,,,,,,,,,,,,,,,,,,,,,,,,,,,,,,,,,,
James Trafford,,,,,,,,,,,,,,,,,,,,,,,,,,,,,,,,,,,,,,
Erling Haaland,,,,,,,,,,,,,,,,,,,,,,,,,,,,,,,,,,,,,,
Cole Palmer,,,,,,,,,,,,,,,,,,,,,,,,,,,,,,,,,,,,,,
Phil Foden,,,,,,,,,,,,,,,,,,,,,,,,,,,,,,,,,,,,,,
Bernardo Silva,,,,,,,,,,,,,,,,,,,,,,,,,,,,,,,,,,,,,,
Julián Álvarez,,,,,,,,,,,,,,,,,,,,,,,,,,,,,,,,,,,,,,
Rodri,,,,,,,,,,,,,,,,,,,,,,,,,,,,,,,,,,,,,,
Kevin De Bruyne,,,,,,,,,,,,,,,,,,,,,,,,,,,,,,,,,,,,,,
Mateo Kovačić,,,,,,,,,,,,,,,,,,,,,,,,,,,,,,,,,,,,,,
Rico Lewis,,,,,,,,,,,,,,,,,,,,,,,,,,,,,,,,,,,,,,
Joško Gvardiol,,,,,,,,,,,,,,,,,,,,,,,,,,,,,,,,,,,,,,
Nathan Aké,,,,,,,,,,,,,,,,,,,,,,,,,,,,,,,,,,,,,,
Aymeric Laporte,,,,,,,,,,,,,,,,,,,,,,,,,,,,,,,,,,,,,,
Manuel Akanji,,,,,,,,,,,,,,,,,,,,,,,,,,,,,,,,,,,,,,
Kyle Walker,,,,,,,,,,,,,,,,,,,,,,,,,,,,,,,,,,,,,,
James Mcatee,,,,,,,,,,,,,,,,,,,,,,,,,,,,,,,,,,,,,,
Ederson,,,,,,,,,,,,,,,,,,,,,,,,,,,,,,,,,,,,,,
Eddie Nketiah,,,,,,,,,,,,,,,,,,,,,,,,,,,,,,,,,,,,,,
Leandro Trossard,,,,,,,,,,,,,,,,,,,,,,,,,,,,,,,,,,,,,,
Gabriel Martinelli,,,,,,,,,,,,,,,,,,,,,,,,,,,,,,,,,,,,,,
Gabriel Magalhães,,,,,,,,,,,,,,,,,,,,,,,,,,,,,,,,,,,,,,
Bukayo Saka,,,,,,,,,,,,,,,,,,,,,,,,,,,,,,,,,,,,,,
Kai Havertz,,,,,,,,,,,,,,,,,,,,,,,,,,,,,,,,,,,,,,
Declan Rice,,,,,,,,,,,,,,,,,,,,,,,,,,,,,,,,,,,,,,
Martin Ødegaard,,,,,,,,,,,,,,,,,,,,,,,,,,,,,,,,,,,,,,
Jurriën Timber,,,,,,,,,,,,,,,,,,,,,,,,,,,,,,,,,,,,,,
Takehiro Tomiyasu,,,,,,,,,,,,,,,,,,,,,,,,,,,,,,,,,,,,,,
William Saliba,,,,,,,,,,,,,,,,,,,,,,,,,,,,,,,,,,,,,,
Ben White,,,,,,,,,,,,,,,,,,,,,,,,,,,,,,,,,,,,,,
Thomas Partey,,,,,,,,,,,,,,,,,,,,,,,,,,,,,,,,,,,,,,
Aaron Ramsdale,,,,,,,,,,,,,,,,,,,,,,,,,,,,,,,,,,,,,,
Brennan Johnson,,,,,,,,,,,,,,,,,,,,,,,,,,,,,,,,,,,,,,
Anthony Elanga,,,,,,,,,,,,,,,,,,,,,,,,,,,,,,,,,,,,,,
Morgan Gibbs-White,,,,,,,,,,,,,,,,,,,,,,,,,,,,,,,,,,,,,,
Danilo,,,,,,,,,,,,,,,,,,,,,,,,,,,,,,,,,,,,,,
Taiwo Awoniyi,,,,,,,,,,,,,,,,,,,,,,,,,,,,,,,,,,,,,,
Ola Aina,,,,,,,,,,,,,,,,,,,,,,,,,,,,,,,,,,,,,,
Neco Williams,,,,,,,,,,,,,,,,,,,,,,,,,,,,,,,,,,,,,,
Orel Mangala,,,,,,,,,,,,,,,,,,,,,,,,,,,,,,,,,,,,,,
Cheikhou Kouyaté,,,,,,,,,,,,,,,,,,,,,,,,,,,,,,,,,,,,,,
Ryan Yates,,,,,,,,,,,,,,,,,,,,,,,,,,,,,,,,,,,,,,
Serge Aurier,,,,,,,,,,,,,,,,,,,,,,,,,,,,,,,,,,,,,,
Scott McKenna,,,,,,,,,,,,,,,,,,,,,,,,,,,,,,,,,,,,,,
Joe Worrall,,,,,,,,,,,,,,,,,,,,,,,,,,,,,,,,,,,,,,
Chris Wood,,,,,,,,,,,,,,,,,,,,,,,,,,,,,,,,,,,,,,
Willy Boly,,,,,,,,,,,,,,,,,,,,,,,,,,,,,,,,,,,,,,
Matt Turner,,,,,,,,,,,,,,,,,,,,,,,,,,,,,,,,,,,,,,
Neal Maupay,,,,,,,,,,,,,,,,,,,,,,,,,,,,,,,,,,,,,,
Arnaut Danjuma,,,,,,,,,,,,,,,,,,,,,,,,,,,,,,,,,,,,,,
Abdoulaye Doucouré,likelyReturn,,,,,,,,,,,,,,,,,,,,,,,,,,,,,,,,,,,,,
Alex Iwobi,,,,,,,,,,,,,,,,,,,,,,,,,,,,,,,,,,,,,,
Amadou Onana,likelyReturn,,,,,,,,,,,,,,,,,,,,,,,,,,,,,,,,,,,,,
Idrissa Gana Gueye,,,,,,,,,,,,,,,,,,,,,,,,,,,,,,,,,,,,,,
James Garner,,,,,,,,,,,,,,,,,,,,,,,,,,,,,,,,,,,,,,
Lewis Dobbin,,,,,,,,,,,,,,,,,,,,,,,,,,,,,,,,,,,,,,
Ashley Young,,,,,,,,,,,,,,,,,,,,,,,,,,,,,,,,,,,,,,
James Tarkowski,,,,,,,,,,,,,,,,,,,,,,,,,,,,,,,,,,,,,,
Michael Keane,,,,,,,,,,,,,,,,,,,,,,,,,,,,,,,,,,,,,,
Nathan Patterson,,,,,,,,,,,,,,,,,,,,,,,,,,,,,,,,,,,,,,
Jordan Pickford,,,,,,,,,,,,,,,,,,,,,,,,,,,,,,,,,,,,,,
Raúl Jiménez,,,,,,,,,,,,,,,,,,,,,,,,,,,,,,,,,,,,,,
Aleksandar Mitrović,,,,,,,,,,,,,,,,,,,,,,,,,,,,,,,,,,,,,,
Willian,,,,,,,,,,,,,,,,,,,,,,,,,,,,,,,,,,,,,,
Bobby Reid,,,,,,,,,,,,,,,,,,,,,,,,,,,,,,,,,,,,,,
Harry Wilson,,,,,,,,,,,,,,,,,,,,,,,,,,,,,,,,,,,,,,
Tom Cairney,,,,,,,,,,,,,,,,,,,,,,,,,,,,,,,,,,,,,,
Andreas Pereira,,,,,,,,,,,,,,,,,,,,,,,,,,,,,,,,,,,,,,
Saša Lukić,,,,,,,,,,,,,,,,,,,,,,,,,,,,,,,,,,,,,,
Harrison Reed,,,,,,,,,,,,,,,,,,,,,,,,,,,,,,,,,,,,,,
Antonee Robinson,,,,,,,,,,,,,,,,,,,,,,,,,,,,,,,,,,,,,,
Tim Ream,,,,,,,,,,,,,,,,,,,,,,,,,,,,,,,,,,,,,,
Issa Diop,,,,,,,,,,,,,,,,,,,,,,,,,,,,,,,,,,,,,,
Kenny Tete,,,,,,,,,,,,,,,,,,,,,,,,,,,,,,,,,,,,,,
Bernd Leno,,,,,,,,,,,,,,,,,,,,,,,,,,,,,,,,,,,,,,
William Osula,,,,,,,,,,,,,,,,,,,,,,,,,,,,,,,,,,,,,,
Ben Osborn,,,,,,,,,,,,,,,,,,,,,,,,,,,,,,,,,,,,,,
Andre Brooks,,,,,,,,,,,,,,,,,,,,,,,,,,,,,,,,,,,,,,
Bénie Adama Traore,,,,,,,,,,,,,,,,,,,,,,,,,,,,,,,,,,,,,,
Antwoine Hackford,,,,,,,,,,,,,,,,,,,,,,,,,,,,,,,,,,,,,,
Max Lowe,,,,,,,,,,,,,,,,,,,,,,,,,,,,,,,,,,,,,,
Yasser Larouci,,,,,,,,,,,,,,,,,,,,,,,,,,,,,,,,,,,,,,
Oliver Norwood,,,,,,,,,,,,,,,,,,,,,,,,,,,,,,,,,,,,,,
Chris Basham,,,,,,,,,,,,,,,,,,,,,,,,,,,,,,,,,,,,,,
Vinicius Souza,,,,,,,,,,,,,,,,,,,,,,,,,,,,,,,,,,,,,,
George Baldock,,,,,,,,,,,,,,,,,,,,,,,,,,,,,,,,,,,,,,
Jack Robinson,,,,,,,,,,,,,,,,,,,,,,,,,,,,,,,,,,,,,,
Anis Ben Slimane,,,,,,,,,,,,,,,,,,,,,,,,,,,,,,,,,,,,,,
John Egan,,,,,,,,,,,,,,,,,,,,,,,,,,,,,,,,,,,,,,
Anel Ahmedhodžić,,,,,,,,,,,,,,,,,,,,,,,,,,,,,,,,,,,,,,
Wes Foderingham,,,,,,,,,,,,,,,,,,,,,,,,,,,,,,,,,,,,,,
Odsonne Édouard,,,,,,,,,,,,,,,,,,,,,,,,,,,,,,,,,,,,,,
Jeffrey Schlupp,,,,,,,,,,,,,,,,,,,,,,,,,,,,,,,,,,,,,,
Jordan Ayew,,,,,,,,,,,,,,,,,,,,,,,,,,,,,,,,,,,,,,
Eberechi Eze,,,,,,,,,,,,,,,,,,,,,,,,,,,,,,,,,,,,,,
Cheick Doucouré,,,,,,,,,,,,,,,,,,,,,,,,,,,,,,,,,,,,,,
Jefferson Lerma,,,,,,,,,,,,,,,,,,,,,,,,,,,,,,,,,,,,,,
Tyrick Mitchell,,,,,,,,,,,,,,,,,,,,,,,,,,,,,,,,,,,,,,
Marc Guéhi,,,,,,,,,,,,,,,,,,,,,,,,,,,,,,,,,,,,,,
James Tomkins,,,,,,,,,,,,,,,,,,,,,,,,,,,,,,,,,,,,,,
Joachim Andersen,,,,,,,,,,,,,,,,,,,,,,,,,,,,,,,,,,,,,,
Joel Ward,,,,,,,,,,,,,,,,,,,,,,,,,,,,,,,,,,,,,,
Sam Johnstone,,,,,,,,,,,,,,,,,,,,,,,,,,,,,,,,,,,,,,
Danny Welbeck,,,,,,,,,,,,,,,,,,,,,,,,,,,,,,,,,,,,,,
Evan Ferguson,,,,,,,,,,,,,,,,,,,,,,,,,,,,,,,,,,,,,,
Kaoru Mitoma,,,,,,,,,,,,,,,,,,,,,,,,,,,,,,,,,,,,,,
Solly March,,,,,,,,,,,,,,,,,,,,,,,,,,,,,,,,,,,,,,
Simon Adingra,,,,,,,,,,,,,,,,,,,,,,,,,,,,,,,,,,,,,,
João Pedro,,,,,,,,,,,,,,,,,,,,,,,,,,,,,,,,,,,,,,
Julio Enciso,,,,,,,,,,,,,,,,,,,,,,,,,,,,,,,,,,,,,,
Mahmoud Dahoud,,,,,,,,,,,,,,,,,,,,,,,,,,,,,,,,,,,,,,
Billy Gilmour,,,,,,,,,,,,,,,,,,,,,,,,,,,,,,,,,,,,,,
Pascal Groß,,,,,,,,,,,,,,,,,,,,,,,,,,,,,,,,,,,,,,
Pervis Estupiñán,likelyReturn,,,,,,,,,,,,,,,,,,,,,,,,,,,,,,,,,,,,,
Lewis Dunk,,,,,,,,,,,,,,,,,,,,,,,,,,,,,,,,,,,,,,
Jan Paul van Hecke,,,,,,,,,,,,,,,,,,,,,,,,,,,,,,,,,,,,,,
James Milner,,,,,,,,,,,,,,,,,,,,,,,,,,,,,,,,,,,,,,
Joël Veltman,,,,,,,,,,,,,,,,,,,,,,,,,,,,,,,,,,,,,,
Jason Steele,,,,,,,,,,,,,,,,,,,,,,,,,,,,,,,,,,,,,,
Elijah Adebayo,,,,,,,,,,,,,,,,,,,,,,,,,,,,,,,,,,,,,,
Jacob Brown,,,,,,,,,,,,,,,,,,,,,,,,,,,,,,,,,,,,,,
Carlton Morris,,,,,,,,,,,,,,,,,,,,,,,,,,,,,,,,,,,,,,
Tahith Chong,,,,,,,,,,,,,,,,,,,,,,,,,,,,,,,,,,,,,,
Luke Berry,,,,,,,,,,,,,,,,,,,,,,,,,,,,,,,,,,,,,,
Marvelous Nakamba,,,,,,,,,,,,,,,,,,,,,,,,,,,,,,,,,,,,,,
Pelly Ruddock Mpanzu,,,,,,,,,,,,,,,,,,,,,,,,,,,,,,,,,,,,,,
Cauley Woodrow,,,,,,,,,,,,,,,,,,,,,,,,,,,,,,,,,,,,,,
Ryan John Giles,,,,,,,,,,,,,,,,,,,,,,,,,,,,,,,,,,,,,,
Issa Kaboré,,,,,,,,,,,,,,,,,,,,,,,,,,,,,,,,,,,,,,
Alfie Doughty,,,,,,,,,,,,,,,,,,,,,,,,,,,,,,,,,,,,,,
Amari'i Bell,,,,,,,,,,,,,,,,,,,,,,,,,,,,,,,,,,,,,,
Tom Lockyer,,,,,,,,,,,,,,,,,,,,,,,,,,,,,,,,,,,,,,
Mads Juel Andersen,,,,,,,,,,,,,,,,,,,,,,,,,,,,,,,,,,,,,,
Chiedozie Ogbene,,,,,,,,,,,,,,,,,,,,,,,,,,,,,,,,,,,,,,
Thomas Kaminski,,,,,,,,,,,,,,,,,,,,,,,,,,,,,,,,,,,,,,
Dominic Solanke,,,,,,,,,,,,,,,,,,,,,,,,,,,,,,,,,,,,,,
Jaidon Anthony,,,,,,,,,,,,,,,,,,,,,,,,,,,,,,,,,,,,,,
Justin Kluivert,,,,,,,,,,,,,,,,,,,,,,,,,,,,,,,,,,,,,,
David Brooks,,,,,,,,,,,,,,,,,,,,,,,,,,,,,,,,,,,,,,
Antoine Semenyo,,,,,,,,,,,,,,,,,,,,,,,,,,,,,,,,,,,,,,
Ryan Christie,,,,,,,,,,,,,,,,,,,,,,,,,,,,,,,,,,,,,,
Kieffer Moore,,,,,,,,,,,,,,,,,,,,,,,,,,,,,,,,,,,,,,
Joe Rothwell,,,,,,,,,,,,,,,,,,,,,,,,,,,,,,,,,,,,,,
Philip Billing,,,,,,,,,,,,,,,,,,,,,,,,,,,,,,,,,,,,,,
Milos Kerkez,,,,,,,,,,,,,,,,,,,,,,,,,,,,,,,,,,,,,,
Marcos Senesi,,,,,,,,,,,,,,,,,,,,,,,,,,,,,,,,,,,,,,
Chris Mepham,,,,,,,,,,,,,,,,,,,,,,,,,,,,,,,,,,,,,,
Illia Zabarnyi,,,,,,,,,,,,,,,,,,,,,,,,,,,,,,,,,,,,,,
Max Aarons,,,,,,,,,,,,,,,,,,,,,,,,,,,,,,,,,,,,,,
James Hill,,,,,,,,,,,,,,,,,,,,,,,,,,,,,,,,,,,,,,
Neto,,,,,,,,,,,,,,,,,,,,,,,,,,,,,,,,,,,,,,
Michail Antonio,,,,,,,,,,,,,,,,,,,,,,,,,,,,,,,,,,,,,,
Danny Ings,,,,,,,,,,,,,,,,,,,,,,,,,,,,,,,,,,,,,,
Saïd Benrahma,,,,,,,,,,,,,,,,,,,,,,,,,,,,,,,,,,,,,,
Jarrod Bowen,,,,,,,,,,,,,,,,,,,,,,,,,,,,,,,,,,,,,,
Pablo Fornals,,,,,,,,,,,,,,,,,,,,,,,,,,,,,,,,,,,,,,
Thilo Kehrer,,,,,,,,,,,,,,,,,,,,,,,,,,,,,,,,,,,,,,
Lucas Paquetá,,,,,,,,,,,,,,,,,,,,,,,,,,,,,,,,,,,,,,
Maxwel Cornet,,,,,,,,,,,,,,,,,,,,,,,,,,,,,,,,,,,,,,
Tomáš Souček,,,,,,,,,,,,,,,,,,,,,,,,,,,,,,,,,,,,,,
Emerson Palmieri,,,,,,,,,,,,,,,,,,,,,,,,,,,,,,,,,,,,,,
Nayef Aguerd,,,,,,,,,,,,,,,,,,,,,,,,,,,,,,,,,,,,,,
Kurt Zouma,,,,,,,,,,,,,,,,,,,,,,,,,,,,,,,,,,,,,,
Vladimír Coufal,,,,,,,,,,,,,,,,,,,,,,,,,,,,,,,,,,,,,,
Alphonse Areola,,,,,,,,,,,,,,,,,,,,,,,,,,,,,,,,,,,,,,
Alexander Isak,,,,,,,,,,,,,,,,,,,,,,,,,,,,,,,,,,,,,,
Callum Wilson,,,,,,,,,,,,,,,,,,,,,,,,,,,,,,,,,,,,,,
Anthony Gordon,,,,,,,,,,,,,,,,,,,,,,,,,,,,,,,,,,,,,,
Harvey Barnes,likelyReturn,,,,,,,,,,,,,,,,,,,,,,,,,,,,,,,,,,,,,
Miguel Almirón,,,,,,,,,,,,,,,,,,,,,,,,,,,,,,,,,,,,,,
Jacob Murphy,,,,,,,,,,,,,,,,,,,,,,,,,,,,,,,,,,,,,,
Joelinton,,,,,,,,,,,,,,,,,,,,,,,,,,,,,,,,,,,,,,
Bruno Guimarães,,,,,,,,,,,,,,,,,,,,,,,,,,,,,,,,,,,,,,
Sean Longstaff,,,,,,,,,,,,,,,,,,,,,,,,,,,,,,,,,,,,,,
Sandro Tonali,,,,,,,,,,,,,,,,,,,,,,,,,,,,,,,,,,,,,,
Elliot Anderson,,,,,,,,,,,,,,,,,,,,,,,,,,,,,,,,,,,,,,
Dan Burn,,,,,,,,,,,,,,,,,,,,,,,,,,,,,,,,,,,,,,
Sven Botman,,,,,,,,,,,,,,,,,,,,,,,,,,,,,,,,,,,,,,
Fabian Schär,,,,,,,,,,,,,,,,,,,,,,,,,,,,,,,,,,,,,,
Kieran Trippier,,,,,,,,,,,,,,,,,,,,,,,,,,,,,,,,,,,,,,
Nick Pope,,,,,,,,,,,,,,,,,,,,,,,,,,,,,,,,,,,,,,
Ollie Watkins,,,,,,,,,,,,,,,,,,,,,,,,,,,,,,,,,,,,,,
John McGinn,,,,,,,,,,,,,,,,,,,,,,,,,,,,,,,,,,,,,,
Diego Carlos,,,,,,,,,,,,,,,,,,,,,,,,,,,,,,,,,,,,,,
Leon Bailey,,,,,,,,,,,,,,,,,,,,,,,,,,,,,,,,,,,,,,
Youri Tielemans,,,,,,,,,,,,,,,,,,,,,,,,,,,,,,,,,,,,,,
Moussa Diaby,,,,,,,,,,,,,,,,,,,,,,,,,,,,,,,,,,,,,,
Philippe Coutinho,,,,,,,,,,,,,,,,,,,,,,,,,,,,,,,,,,,,,,
Douglas Luiz,,,,,,,,,,,,,,,,,,,,,,,,,,,,,,,,,,,,,,
Boubacar Kamara,,,,,,,,,,,,,,,,,,,,,,,,,,,,,,,,,,,,,,
Lucas Digne,,,,,,,,,,,,,,,,,,,,,,,,,,,,,,,,,,,,,,
Tyrone Mings,,,,,,,,,,,,,,,,,,,,,,,,,,,,,,,,,,,,,,
Pau Torres,,,,,,,,,,,,,,,,,,,,,,,,,,,,,,,,,,,,,,
Ezri Konsa,,,,,,,,,,,,,,,,,,,,,,,,,,,,,,,,,,,,,,
Matty Cash,,,,,,,,,,,,,,,,,,,,,,,,,,,,,,,,,,,,,,
Jaden Philogene Bidace,,,,,,,,,,,,,,,,,,,,,,,,,,,,,,,,,,,,,,
Emiliano Martínez,,,,,,,,,,,,,,,,,,,,,,,,,,,,,,,,,,,,,,
Yoane Wissa,,,,,,,,,,,,,,,,,,,,,,,,,,,,,,,,,,,,,,
Kevin Schade,,,,,,,,,,,,,,,,,,,,,,,,,,,,,,,,,,,,,,
Bryan Mbeumo,,,,,,,,,,,,,,,,,,,,,,,,,,,,,,,,,,,,,,
Vitaly Janelt,,,,,,,,,,,,,,,,,,,,,,,,,,,,,,,,,,,,,,
Christian Nørgaard,,,,,,,,,,,,,,,,,,,,,,,,,,,,,,,,,,,,,,
Shandon Baptiste,,,,,,,,,,,,,,,,,,,,,,,,,,,,,,,,,,,,,,
Mathias Jensen,,,,,,,,,,,,,,,,,,,,,,,,,,,,,,,,,,,,,,
Mikkel Damsgaard,,,,,,,,,,,,,,,,,,,,,,,,,,,,,,,,,,,,,,
Rico Henry,,,,,,,,,,,,,,,,,,,,,,,,,,,,,,,,,,,,,,
Kristoffer Ajer,,,,,,,,,,,,,,,,,,,,,,,,,,,,,,,,,,,,,,
Mathias Jørgensen,,,,,,,,,,,,,,,,,,,,,,,,,,,,,,,,,,,,,,
Ethan Pinnock,,,,,,,,,,,,,,,,,,,,,,,,,,,,,,,,,,,,,,
Nathan Collins,,,,,,,,,,,,,,,,,,,,,,,,,,,,,,,,,,,,,,
Aaron Hickey,,,,,,,,,,,,,,,,,,,,,,,,,,,,,,,,,,,,,,
Mads Roerslev,,,,,,,,,,,,,,,,,,,,,,,,,,,,,,,,,,,,,,
Mark Flekken,,,,,,,,,,,,,,,,,,,,,,,,,,,,,,,,,,,,,,
Richarlison,,,,,,,,,,,,,,,,,,,,,,,,,,,,,,,,,,,,,,
Son Heung-min,,,,,,,,,,,,,,,,,,,,,,,,,,,,,,,,,,,,,,
Ivan Perišić,,,,,,,,,,,,,,,,,,,,,,,,,,,,,,,,,,,,,,
Dejan Kulusevski,,,,,,,,,,,,,,,,,,,,,,,,,,,,,,,,,,,,,,
James Maddison,likelyReturn,,,,,,,,,,,,,,,,,,,,,,,,,,,,,,,,,,,,,
Yves Bissouma,,,,,,,,,,,,,,,,,,,,,,,,,,,,,,,,,,,,,,
Oliver Skipp,,,,,,,,,,,,,,,,,,,,,,,,,,,,,,,,,,,,,,
Pape Matar Sarr,,,,,,,,,,,,,,,,,,,,,,,,,,,,,,,,,,,,,,
Destiny Udogie,,,,,,,,,,,,,,,,,,,,,,,,,,,,,,,,,,,,,,
Micky van de Ven,,,,,,,,,,,,,,,,,,,,,,,,,,,,,,,,,,,,,,
Cristian Romero,,,,,,,,,,,,,,,,,,,,,,,,,,,,,,,,,,,,,,
Davinson Sánchez,,,,,,,,,,,,,,,,,,,,,,,,,,,,,,,,,,,,,,
Emerson,,,,,,,,,,,,,,,,,,,,,,,,,,,,,,,,,,,,,,
Guglielmo Vicario,,,,,,,,,,,,,,,,,,,,,,,,,,,,,,,,,,,,,,
Nicolas Jackson,,,,,,,,,,,,,,,,,,,,,,,,,,,,,,,,,,,,,,
Carney Chukwuemeka,,,,,,,,,,,,,,,,,,,,,,,,,,,,,,,,,,,,,,
Ian Maatsen,,,,,,,,,,,,,,,,,,,,,,,,,,,,,,,,,,,,,,
Raheem Sterling,,,,,,,,,,,,,,,,,,,,,,,,,,,,,,,,,,,,,,
Mykhailo Mudryk,,,,,,,,,,,,,,,,,,,,,,,,,,,,,,,,,,,,,,
Conor Gallagher,,,,,,,,,,,,,,,,,,,,,,,,,,,,,,,,,,,,,,
Enzo Fernández,,,,,,,,,,,,,,,,,,,,,,,,,,,,,,,,,,,,,,
Ben Chilwell,,,,,,,,,,,,,,,,,,,,,,,,,,,,,,,,,,,,,,
Lesley Ugochukwu,,,,,,,,,,,,,,,,,,,,,,,,,,,,,,,,,,,,,,
Reece James,,,,,,,,,,,,,,,,,,,,,,,,,,,,,,,,,,,,,,
Malo Gusto,,,,,,,,,,,,,,,,,,,,,,,,,,,,,,,,,,,,,,
Levi Colwill,,,,,,,,,,,,,,,,,,,,,,,,,,,,,,,,,,,,,,
Thiago Silva,,,,,,,,,,,,,,,,,,,,,,,,,,,,,,,,,,,,,,
Axel Disasi,,,,,,,,,,,,,,,,,,,,,,,,,,,,,,,,,,,,,,
Robert Sánchez,,,,,,,,,,,,,,,,,,,,,,,,,,,,,,,,,,,,,,
Diogo Jota,,,,,,,,,,,,,,,,,,,,,,,,,,,,,,,,,,,,,,
Darwin Núñez,,,,,,,,,,,,,,,,,,,,,,,,,,,,,,,,,,,,,,
Luis Díaz,,,,,,,,,,,,,,,,,,,,,,,,,,,,,,,,,,,,,,
Ben Doak,,,,,,,,,,,,,,,,,,,,,,,,,,,,,,,,,,,,,,
Mohamed Salah,,,,,,,,,,,,,,,,,,,,,,,,,,,,,,,,,,,,,,
Harvey Elliott,,,,,,,,,,,,,,,,,,,,,,,,,,,,,,,,,,,,,,
Cody Gakpo,,,,,,,,,,,,,,,,,,,,,,,,,,,,,,,,,,,,,,
Curtis Jones,,,,,,,,,,,,,,,,,,,,,,,,,,,,,,,,,,,,,,
Alexis Mac Allister,,,,,,,,,,,,,,,,,,,,,,,,,,,,,,,,,,,,,,
Dominik Szoboszlai,,,,,,,,,,,,,,,,,,,,,,,,,,,,,,,,,,,,,,
Andrew Robertson,,,,,,,,,,,,,,,,,,,,,,,,,,,,,,,,,,,,,,
Virgil van Dijk,,,,,,,,,,,,,,,,,,,,,,,,,,,,,,,,,,,,,,
Ibrahima Konaté,,,,,,,,,,,,,,,,,,,,,,,,,,,,,,,,,,,,,,
Trent Alexander-Arnold,,,,,,,,,,,,,,,,,,,,,,,,,,,,,,,,,,,,,,
Alisson,,,,,,,,,,,,,,,,,,,,,,,,,,,,,,,,,,,,,,
Marcus Rashford,,,,,,,,,,,,,,,,,,,,,,,,,,,,,,,,,,,,,,
Scott McTominay,,,,,,,,,,,,,,,,,,,,,,,,,,,,,,,,,,,,,,
Alejandro Garnacho,,,,,,,,,,,,,,,,,,,,,,,,,,,,,,,,,,,,,,
Jadon Sancho,,,,,,,,,,,,,,,,,,,,,,,,,,,,,,,,,,,,,,
Mason Mount,,,,,,,,,,,,,,,,,,,,,,,,,,,,,,,,,,,,,,
Christian Eriksen,,,,,,,,,,,,,,,,,,,,,,,,,,,,,,,,,,,,,,
Bruno Fernandes,,,,,,,,,,,,,,,,,,,,,,,,,,,,,,,,,,,,,,
Antony,,,,,,,,,,,,,,,,,,,,,,,,,,,,,,,,,,,,,,
Facundo Pellistri,,,,,,,,,,,,,,,,,,,,,,,,,,,,,,,,,,,,,,
Casemiro,,,,,,,,,,,,,,,,,,,,,,,,,,,,,,,,,,,,,,
Luke Shaw,,,,,,,,,,,,,,,,,,,,,,,,,,,,,,,,,,,,,,
Lisandro Martínez,,,,,,,,,,,,,,,,,,,,,,,,,,,,,,,,,,,,,,
Victor Lindelöf,,,,,,,,,,,,,,,,,,,,,,,,,,,,,,,,,,,,,,
Raphaël Varane,,,,,,,,,,,,,,,,,,,,,,,,,,,,,,,,,,,,,,
Aaron Wan-Bissaka,,likelyReturn,,,,,,,,,,,,,,,,,,,,,,,,,,,,,,,,,,,,
André Onana,,,,,,,,,,,,,,,,,,,,,,,,,,,,,,,,,,,,,,
Matheus Cunha,,,,,,,,,,,,,,,,,,,,,,,,,,,,,,,,,,,,,,
Fábio Silva,,,,,,,,,,,,,,,,,,,,,,,,,,,,,,,,,,,,,,
Pablo Sarabia,,,,,,,,,,,,,,,,,,,,,,,,,,,,,,,,,,,,,,
Hwang Hee-chan,,,,,,,,,,,,,,,,,,,,,,,,,,,,,,,,,,,,,,
Matheus Nunes,,,,,,,,,,,,,,,,,,,,,,,,,,,,,,,,,,,,,,
Mario Lemina,,,,,,,,,,,,,,,,,,,,,,,,,,,,,,,,,,,,,,
João Gomes,,,,,,,,,,,,,,,,,,,,,,,,,,,,,,,,,,,,,,
Sasa Kalajdzic,,,,,,,,,,,,,,,,,,,,,,,,,,,,,,,,,,,,,,
Pedro Neto,,,,,,,,,,,,,,,,,,,,,,,,,,,,,,,,,,,,,,
Rayan Aït-Nouri,,,,,,,,,,,,,,,,,,,,,,,,,,,,,,,,,,,,,,
Hugo Bueno,,,,,,,,,,,,,,,,,,,,,,,,,,,,,,,,,,,,,,
Max Kilman,,,,,,,,,,,,,,,,,,,,,,,,,,,,,,,,,,,,,,
Craig Dawson,,,,,,,,,,,,,,,,,,,,,,,,,,,,,,,,,,,,,,
Nélson Semedo,,,,,,,,,,,,,,,,,,,,,,,,,,,,,,,,,,,,,,
José Sá,,,,,,,,,,,,,,,,,,,,,,,,,,,,,,,,,,,,,,
